Student_ID,Study_Hours_Weekly,Attendance_Rate_Percent,Final_Grade,Attendence_Categroy
1001,18.5,92.8,55.3,Good
1002,14,79.5,53.2,Average
1003,19.5,76.8,59.7,Average
1004,25.7,85,78.8,Average
1005,13.4,83.3,60.6,Average
1006,13.4,80.5,50.5,Average
1007,26.1,92,73.9,Good
1008,20.4,94.6,59.2,Good
1009,11.7,85.9,62.4,Average
1010,18.8,99.8,64.5,Good
1011,11.8,73.6,53.5,Poor
1012,11.7,83.1,63,Average
1013,16.7,77.8,53,Average
1014,1.6,66.3,36,Poor
1015,2.9,84.2,45.8,Average
1016,11.1,83.8,61.1,Average
1017,7.9,100,49.5,Good
1018,17.2,91.3,49.1,Good
1019,8.6,74.8,49.2,Poor
1020,5.1,100,57.4,Good
1021,25.3,97.2,78,Good
1022,13.4,90.8,57.5,Good
1023,15.5,82.7,57.6,Average
1024,5,75.4,54.1,Average
1025,11.2,81.3,46,Average
1026,15.8,95.9,61.2,Good
1027,6.9,100,57.2,Good
1028,17.6,100,68.1,Good
1029,10.8,80.1,52.2,Average
1030,13,73.8,55.3,Poor
1031,10.8,86.4,43.9,Average
1032,28,67.3,63.7,Poor
1033,14.9,88.2,62.7,Average
1034,7.6,83.5,47.8,Average
1035,20.8,80.3,64.1,Average
1036,6.5,69.1,50.3,Poor
1037,16.5,90.1,60.6,Good
1038,1.3,79.7,46.9,Average
1039,5.7,73.3,43.6,Poor
1040,16.4,60,53.7,Poor
1041,20.2,84.7,67.4,Average
1042,16.2,100,65.4,Good
1043,14.2,100,59.8,Good
1044,12.9,80.4,57.8,Average
1045,4.7,79,52.5,Average
1046,10,89.7,46.1,Average
1047,11.8,75,60.1,Average
1048,22.4,88,65.5,Average
1049,17.4,92.7,66,Good
1050,2.7,97.3,57.7,Good
1051,17.3,84,54.7,Average
1052,12.3,83,53.3,Average
1053,10.3,76.2,51.8,Average
1054,19.3,76.7,57.6,Average
1055,22.2,82.7,74.4,Average
1056,21.5,88.7,62.3,Average
1057,9.1,94.1,54,Good
1058,12.8,77,56.8,Average
1059,17.3,99.9,59.6,Good
1060,21.8,82.3,63.2,Average
1061,11.6,84.8,58.3,Average
1062,13.7,77.5,55,Average
1063,7.3,60.8,46.3,Poor
1064,6.6,93.8,51.8,Good
1065,20.7,92.4,59.1,Good
1066,24.5,82.2,69.2,Average
1067,14.5,85.7,68.2,Average
1068,22,90.2,67.5,Good
1069,17.5,69.4,59.2,Poor
1070,10.5,79.7,57.8,Average
1071,17.5,92.9,57.7,Good
1072,25.8,72.5,74.8,Poor
1073,14.7,87.9,61.3,Average
1074,26,71.4,74.4,Poor
1075,0,89.7,43.8,Average
1076,20.8,84.6,73.9,Average
1077,15.6,68.8,60.1,Poor
1078,12.9,96.6,63.5,Good
1079,15.6,77.7,59.7,Average
1080,1.1,76.9,44,Average
1081,13.5,87,64.9,Average
1082,17.5,96.5,65.6,Good
1083,25.3,74.8,56.7,Poor
1084,11.4,85.6,51.1,Average
1085,9.3,89.3,54.8,Average
1086,11.5,91.9,59.9,Good
1087,21.4,86.8,65.7,Average
1088,17.3,81.3,67,Average
1089,11.3,76.7,44.6,Average
1090,18.6,85.9,63.9,Average
1091,15.7,74.3,48.6,Poor
1092,21.8,60,63.4,Poor
1093,10.1,89.4,55.9,Average
1094,12.7,94,62,Good
1095,12.3,61.4,47.1,Poor
1096,4.8,74.9,54.4,Poor
1097,17.1,91.2,68.4,Good
1098,16.8,100,68.1,Good
1099,15,85.2,59.2,Average
1100,13.4,77.7,59.4,Average
1101,5.1,83.2,46.8,Average
1102,12.1,98.7,64.8,Good
1103,12.6,78.5,64.2,Average
1104,9.4,77,58.1,Average
1105,13.9,80.2,53.9,Average
1106,17.8,75.5,61.7,Average
1107,28.2,86.2,65.5,Average
1108,16.2,100,67.5,Good
1109,16.8,88.2,64.4,Average
1110,14.5,82.5,49.3,Average
1111,1.6,82.1,41.1,Average
1112,14.8,69.4,54.3,Poor
1113,15.4,93.8,60.8,Good
1114,32.2,84.2,69,Average
1115,13.7,83.2,60,Average
1116,17.1,100,66.7,Good
1117,14.8,88,59.3,Average
1118,6.8,77.5,46.7,Average
1119,23,80.7,71.1,Average
1120,20.3,96.5,75.6,Good
1121,20.5,86.1,62.6,Average
1122,8.6,70.6,47.4,Poor
1123,24.8,94.2,73.3,Good
1124,5.2,78.3,47.5,Average
1125,19.1,100,66.5,Good
1126,30.3,95.8,79.9,Good
1127,8.1,80.5,42.8,Average
1128,11,97.8,66,Good
1129,15.7,85.7,60.9,Average
1130,11.5,93.5,56.7,Good
1131,4.1,89.8,50.7,Average
1132,15.5,76.5,57.9,Average
1133,7.6,78.6,42.8,Average
1134,18.3,95.3,72.8,Good
1135,8.6,81.7,53.3,Average
1136,25.8,81,70.7,Average
1137,9.5,75.4,57.2,Average
1138,12.7,89.2,53.7,Average
1139,20.7,100,71,Good
1140,6.4,74.3,48,Poor
1141,16.6,85.2,65.5,Average
1142,24.1,99.1,60.9,Good
1143,3.7,84.2,48.9,Average
1144,16.3,89.5,59,Average
1145,16.8,74.4,60.9,Poor
1146,20.5,89.3,68.1,Average
1147,6.3,83.1,48,Average
1148,5.8,94.9,50.3,Good
1149,18.7,96.9,65.5,Good
1150,17.1,100,60.9,Good
1151,16.8,90.8,67,Good
1152,17.4,88.3,60.9,Average
1153,10.2,86.9,41.4,Average
1154,16.6,81.5,58.5,Average
1155,17.1,88.4,57.2,Average
1156,10,82,46.4,Average
1157,28.1,86.7,65.7,Average
1158,18.3,98.2,66.6,Good
1159,6.7,74.9,56.4,Poor
1160,19.6,96.4,68.3,Good
1161,8.2,98.2,53.9,Good
1162,20.5,83.8,66.7,Average
1163,23.1,63.8,59.4,Poor
1164,9.3,78.9,49.6,Average
1165,21.7,98,63.3,Good
1166,17.9,84.8,53.5,Average
1167,20.8,75,60.5,Average
1168,28.3,80,71.2,Average
1169,13.3,93.4,59.8,Good
1170,9.7,90.5,54.3,Good
1171,8.8,82.6,48.8,Average
1172,9.3,81.3,56.7,Average
1173,14.5,81.1,51.7,Average
1174,17.4,75.8,63.5,Average
1175,16.9,100,60.2,Good
1176,20.8,81.8,60.4,Average
1177,15.1,97.2,55.5,Good
1178,25.2,100,70.2,Good
1179,13.1,95,65.5,Good
1180,34,80.7,78.4,Average
1181,19.4,89,69.6,Average
1182,9,84.8,56.9,Average
1183,7.5,76,45.2,Average
1184,18.4,88.2,61.9,Average
1185,13.4,73.2,51.5,Good
1186,20,96.9,73.9,Good
1187,18.3,80.4,55.6,Average
1188,14.5,87,64.3,Average
1189,9.1,87.8,59.6,Average
1190,4.4,82.4,58.7,Average
1191,11.9,90.9,56.4,Good
1192,21,80.3,67.5,Average
1193,16.5,93.7,74.7,Good
1194,6.3,71.5,45.4,Good
1195,16.2,86.3,53.5,Average
1196,17.7,100,56.5,Good
1197,8.8,75,55.2,Average
1198,16.1,78.2,49.6,Average
1199,15.4,90.1,59.5,Good
1200,7,86.8,55.2,Average
1201,17.5,88.5,63.8,Average
1202,18.9,89.9,66.6,Average
1203,22.6,91.3,69.3,Good
1204,22.4,96.1,75.6,Good
1205,5.4,89.1,47.3,Average
1206,8.4,82.6,49.9,Average
1207,18.6,91.7,60.8,Good
1208,18.6,100,70.9,Good
1209,18.6,83.7,67.2,Average
1210,40,75.3,82.1,Average
1211,19,96.1,72,Good
1212,22.9,83.8,60.7,Average
1213,21.7,63.3,68.7,Good
1214,19.6,93.5,73.6,Good
1215,12.8,79.6,60.1,Average
1216,20.3,84.1,73.2,Average
1217,9.6,88.3,47.4,Average
1218,13.3,86.9,56.1,Average
1219,11.6,92.1,54.8,Good
1220,15.6,80.6,62.8,Average
1221,31.2,90.1,70.4,Good
1222,1.9,82.4,51.1,Average
1223,19.8,92.4,72.8,Good
1224,3.7,91.2,54.6,Good
1225,11.7,75.6,55.9,Average
1226,22.6,95.9,64.4,Good
1227,15.4,79.6,54.6,Average
1228,7.5,93.1,61.2,Good
1229,10,88.7,60.1,Average
1230,19.8,100,67.6,Good
1231,9.9,82.8,52.5,Average
1232,16.5,81.5,50.1,Average
1233,15.3,84.8,54.6,Average
1234,10.4,82,64.4,Average
1235,30,93,68.9,Good
1236,19.4,68.8,60.7,Good
1237,0.8,74.5,49.4,Good
1238,16.3,74.3,52,Good
1239,10.4,94.5,58.9,Good
1240,21,100,73.6,Good
1241,9.5,84,54.6,Average
1242,14.2,83.3,72.9,Average
1243,18.5,85.7,54.8,Average
1244,21.1,96.6,73.4,Good
1245,6.6,75.7,49,Average
1246,12.7,87.4,62.1,Average
1247,11.7,94.8,61.4,Good
1248,10.4,90,53.2,Average
1249,27.4,86.9,72.5,Average
1250,17.8,95,55.5,Good
1251,6.2,60,48.6,Good
1252,21.4,91.8,68.7,Good
1253,29.9,78.5,74.7,Average
1254,22.2,66.7,67,Good
1255,4.4,90.1,53.3,Good
1256,11.6,98.7,60.9,Good
1257,23.9,83.6,63,Average
1258,10,94.5,54.1,Good
1259,18.1,100,72.2,Good
1260,20.4,98.1,75.1,Good
1261,8.5,100,56.5,Good
1262,14.6,92.4,61.5,Good
1263,0,85.8,41.9,Average
1264,7.8,69,55.2,Good
1265,13.2,82.5,60.9,Average
1266,6.3,76.6,59.5,Average
1267,26.4,100,69.4,Good
1268,5,83.2,48.4,Average
1269,11.9,86.2,58.4,Average
1270,15.9,90.5,65.2,Good
1271,25.1,85.4,67.9,Average
1272,4.9,100,50.1,Good
1273,23.1,78.8,69.9,Average
1274,15.1,86.9,63.9,Average
1275,8.1,77.6,47.1,Average
1276,18.2,71.8,66.1,Good
1277,16.4,78.9,65.3,Average
1278,10.8,84.6,56.5,Average
1279,15.5,80.7,59.5,Average
1280,12.3,78.1,58.4,Average
1281,15.8,70.9,52.6,Good
1282,19.6,84.2,63.9,Average
1283,26.1,70,55.2,Poor
1284,6.3,92.6,58.2,Good
1285,29.9,85.8,65.6,Average
1286,1.3,70.4,51.3,Poor
1287,13.9,81.9,56.4,Average
1288,19.1,77.5,60.5,Average
1289,17,88.2,59.2,Average
1290,10.6,98.4,57.7,Good
1291,13.5,66.2,60.8,Poor
1292,11.5,86.2,44.5,Average
1293,10.9,83.4,62,Average
1294,20.9,91.7,68.5,Good
1295,17.5,87.1,56.5,Average
1296,10.1,77.5,48.1,Average
1297,21.3,81.8,73,Average
1298,17.2,77,55,Average
1299,20.7,95.8,61.8,Good
1300,19.4,85.2,69.5,Average
1301,9.2,100,60,Good
1302,11.1,84.4,51.4,Average
1303,20.2,77.9,63.8,Average
1304,19.3,69.9,54.7,Poor
1305,14.9,67,60.6,Poor
1306,15.8,69.2,61.8,Poor
1307,23.9,87.7,71.1,Average
1308,10.9,90.1,59.1,Good
1309,18.8,69.2,68,Poor
1310,13.6,94,60.7,Good
1311,13.5,80.2,51.3,Average
1312,22.7,86.5,69.3,Average
1313,20.8,100,79.1,Good
1314,20.7,94,62,Good
1315,24.1,82.3,65.5,Average
1316,15.1,76.1,59.7,Average
1317,19.8,63.5,58.4,Poor
1318,12.8,77.8,51.1,Average
1319,17.3,82.9,66.9,Average
1320,14.1,75.1,68.1,Average
1321,15.7,83.7,61,Average
1322,19.2,85.8,59.2,Average
1323,9.3,82.8,46.3,Average
1324,29.6,78.5,72.6,Average
1325,8,86.7,59.4,Average
1326,6.5,89.4,55.6,Average
1327,23.1,74.1,64.3,Poor
1328,20.5,99.1,65.3,Good
1329,19.4,84,58,Average
1330,19.4,85.2,67.9,Average
1331,14.9,92.1,66,Good
1332,8.7,87.3,47,Average
1333,15.5,94.5,70.6,Good
1334,10.3,87.9,59.1,Average
1335,21.8,78.9,71.4,Average
1336,14,88.6,53,Average
1337,9.2,73.6,44.9,Poor
1338,12.8,86.1,57.3,Average
1339,17.9,84.7,64.8,Average
1340,11.1,82.9,64.7,Average
1341,9.2,83.7,57.8,Average
1342,16.7,66.2,55.4,Poor
1343,16.7,79.5,54.8,Average
1344,11.5,85.9,62.9,Average
1345,11.7,86.6,52.4,Average
1346,16.6,74.7,66.8,Poor
1347,4.9,97.7,52.4,Good
1348,5.1,76.3,56.7,Average
1349,10,94.7,61,Good
1350,13.5,89.3,58.8,Average
1351,17.2,78.5,57.5,Average
1352,25.3,100,71.1,Good
1353,21,73.1,64.3,Poor
1354,13.9,94.2,61.4,Good
1355,14.9,95,59.2,Good
1356,8,78.3,50.9,Average
1357,14.9,98.9,63.5,Good
1358,13,82.5,46.7,Average
1359,17.3,87.9,64.8,Average
1360,9.2,87.6,50.3,Average
1361,18.6,83.7,56.9,Average
1362,25.7,93.1,63,Good
1363,14.2,92.9,52.1,Good
1364,17.8,67.5,51.1,Poor
1365,19.8,98,63.8,Good
1366,12.2,68.4,62.8,Poor
1367,16.6,95.3,61.1,Good
1368,15.1,96.3,63.5,Good
1369,15.7,74.1,59.6,Poor
1370,9.6,80.9,54.5,Average
1371,15.2,73.9,56.8,Poor
1372,18.5,82.9,56.4,Average
1373,25.2,81.9,75.4,Average
1374,21.7,92.8,76.8,Good
1375,30.1,98.1,68.2,Good
1376,9.6,99,53.3,Good
1377,21.1,79.4,62.4,Average
1378,16.3,82.9,55.6,Average
1379,30.3,68.2,71.9,Poor
1380,9.3,76.9,49,Average
1381,9.1,94.6,67.7,Good
1382,10.8,100,65.7,Good
1383,0.1,72.7,44.3,Poor
1384,11.3,79.1,60.1,Average
1385,9.7,84.7,60.4,Average
1386,16.1,87.8,58.6,Average
1387,17.4,76.9,55.8,Average
1388,28.1,89.2,73,Average
1389,21.7,80.3,68.9,Average
1390,11,84.9,56.8,Average
1391,8.7,90.5,47.6,Good
1392,18.4,85.1,58.9,Average
1393,5.8,80.6,50,Average
1394,27.8,83.9,70.6,Average
1395,23.3,84.1,76.8,Average
1396,11.7,81.3,48.9,Average
1397,3,82.4,50.8,Average
1398,24.5,100,79.5,Good
1399,14.2,90.6,71.8,Good
1400,23.7,82,64.8,Average
1401,3.8,92,53.9,Good
1402,10.8,81.7,58,Average
1403,15,96.7,63.7,Good
1404,15.3,88.7,60.5,Average
1405,11.8,83.9,58.8,Average
1406,19.4,89.5,52.1,Average
1407,7.5,69.3,52.5,Poor
1408,14,73.7,56.7,Poor
1409,15.8,73.1,56.4,Poor
1410,18.6,86.4,73.6,Average
1411,20,100,64.6,Good
1412,7.1,100,54.4,Good
1413,4.3,91.4,61.6,Good
1414,23.9,90,64.9,Average
1415,17.3,67,54.6,Poor
1416,9.8,79.6,52.9,Average
1417,25.9,77.1,71.8,Average
1418,15.8,78.8,60,Average
1419,23.3,83.3,60.3,Average
1420,15.5,80.3,56.3,Average
1421,29.4,65.2,64.7,Poor
1422,27.3,92.5,72.3,Good
1423,13.3,74.3,57.6,Poor
1424,21.8,87.4,68.6,Average
1425,19.5,100,58.7,Good
1426,24.6,75.8,71.4,Average
1427,8.2,60,48.7,Poor
1428,19.8,82.1,70.3,Average
1429,22.4,96,71.4,Good
1430,2.7,100,57.9,Good
1431,6.7,72.7,51.6,Poor
1432,0.7,90,54.9,Average
1433,13.1,80.3,59.5,Average
1434,20,83.9,63.5,Average
1435,25.5,100,84.3,Good
1436,15.5,70,60.9,Poor
1437,26.4,87.5,73.5,Average
1438,5.3,89.7,45.8,Average
1439,3.1,95.9,45.3,Good
1440,14.6,86,61.1,Average
1441,17.7,88.1,63.7,Average
1442,14.8,81.1,55.5,Average
1443,0.5,87.7,48.1,Average
1444,14.4,81.6,66.3,Average
1445,5.9,91.2,56.6,Good
1446,19.7,81.3,57.3,Average
1447,17.6,88.8,62.4,Average
1448,8.4,84.7,49.7,Average
1449,11.4,96.3,57.4,Good
1450,7.6,84.5,50.9,Average
1451,14.6,67.3,52.5,Poor
1452,21.7,97.6,62.6,Good
1453,8.1,75.9,50.6,Average
1454,18.5,78.5,58.5,Average
1455,11.3,79,40.3,Average
1456,9.4,98.7,68.5,Good
1457,14.3,63.6,59.2,Poor
1458,7.8,100,55.1,Good
1459,11.1,95.6,59,Good
1460,6.6,87.2,46.9,Average
1461,28.8,84.5,80.5,Average
1462,15.2,87.9,70.2,Average
1463,10.1,90.2,57.4,Good
1464,16.5,91.5,67.8,Good
1465,14.2,90.6,61.3,Good
1466,13.5,85.9,51.9,Average
1467,19.3,83,61.1,Average
1468,20.3,83.5,64.8,Average
1469,11.3,83.1,53.6,Average
1470,11,96.3,57.9,Good
1471,13.1,90.9,59,Good
1472,0,60,39.6,Poor
1473,4.4,91.6,52.1,Good
1474,24.6,86.9,63.5,Average
1475,26.5,84.8,66.5,Average
1476,13.3,81.1,50.8,Average
1477,19,96.2,71.1,Good
1478,17.2,94.5,53.6,Good
1479,36.6,77.3,83,Average
1480,22.8,89.1,74.8,Average
1481,14.1,75.3,55,Average
1482,8.3,71.2,37.3,Poor
1483,3.8,78.7,46.3,Average
1484,16.4,93.6,62.9,Good
1485,9.7,94.5,52.3,Good
1486,5,90.1,49.5,Good
1487,10.5,92.3,65.1,Good
1488,7.4,90.2,57.6,Good
1489,26.8,78.6,64.2,Average
1490,21.2,89.3,58.4,Average
1491,14.9,93,60.1,Good
1492,25.4,92.5,69.9,Good
1493,15.5,96.9,65.7,Good
1494,9,92.1,53.4,Good
1495,25.7,88.5,72.8,Average
1496,18.8,95.7,75.5,Good
1497,7.7,84.7,57.2,Average
1498,13.7,76.2,56.1,Average
1499,8.9,83.4,52.9,Average
1500,5.3,77.6,47.4,Average
1501,21.5,78.2,69.8,Average
1502,28.4,83.6,68.3,Average
1503,5.2,77.1,49.2,Average
1504,18.9,81.9,62.8,Average
1505,10.4,66.1,48.4,Poor
1506,11.6,87.1,50.4,Average
1507,10.9,85,57.6,Average
1508,9,76.8,52,Average
1509,15.3,91.6,64.2,Good
1510,9.2,94.4,54.2,Good
1511,16.9,68.9,63.5,Poor
1512,14.6,77.4,53.1,Average
1513,13.3,77.3,64.9,Average
1514,8.6,75.6,42.9,Average
1515,11,93.3,60.4,Good
1516,20.3,83.1,66.4,Average
1517,18.5,82.4,58.3,Average
1518,8.2,65,50.7,Poor
1519,15.7,91.4,68.4,Good
1520,20.3,72.6,50.3,Poor
1521,3.3,85.6,51.9,Average
1522,18.8,87.8,51.4,Average
1523,10.4,98.6,54.1,Good
1524,19,71.9,68.2,Poor
1525,9.7,60,45.8,Poor
1526,2.4,86.8,43,Average
1527,3.6,100,52.3,Good
1528,15.3,97.4,73.5,Good
1529,16.8,87.1,52.8,Average
1530,8.7,80.1,47.6,Average
1531,19.5,93.1,73.3,Good
1532,3.4,75.3,56.1,Average
1533,14.5,89.8,60,Average
1534,6.5,90.1,47.2,Good
1535,10.4,95.6,68.8,Good
1536,15.3,100,71.8,Good
1537,9,88.9,58.7,Average
1538,12.3,79.9,52,Average
1539,22,84.7,65.8,Average
1540,11,67.3,50.9,Poor
1541,20.8,78.1,64.9,Average
1542,7.1,80.9,58.9,Average
1543,18.7,79.8,66.2,Average
1544,25.1,86.5,63.8,Average
1545,0,76.8,51.1,Average
1546,9.4,96.2,59.1,Good
1547,19,85,66.8,Average
1548,13.6,84.9,65.8,Average
1549,17.6,81.7,55.7,Average
1550,10.8,86.6,56.2,Average
1551,15.6,93.3,59.7,Good
1552,13.9,76.3,48.8,Average
1553,23.2,78.4,67.2,Average
1554,16.8,82,73.2,Average
1555,17.4,71.5,49.3,Poor
1556,12.1,76.8,54.9,Average
1557,11.6,80.2,58.7,Average
1558,12,93.7,59.8,Good
1559,17.8,87.6,62.3,Average
1560,12.1,86.9,51.1,Average
1561,17,93.5,64.9,Good
1562,29.5,83.6,68.7,Average
1563,21.1,88.9,55.3,Average
1564,12.7,84,63.4,Average
1565,23.4,87.7,72.8,Average
1566,12.1,79.2,56,Average
1567,0.7,60.6,42,Poor
1568,7.9,83.7,58.4,Average
1569,1.9,99.2,52.6,Good
1570,12.5,94.3,64.4,Good
1571,15.1,94.7,60.8,Good
1572,26.7,97.4,80,Good
1573,17.3,85.9,63.6,Average
1574,13.5,87,59.8,Average
1575,20.8,78.8,57.1,Average
1576,0,81.8,46.9,Average
1577,16.6,91.2,58.6,Good
1578,20.4,97,64.4,Good
1579,4.6,83.6,46,Average
1580,23,80.5,60.5,Average
1581,17.4,85,72.5,Average
1582,12.1,91,65.3,Good
1583,19.4,70.6,69.7,Poor
1584,30.9,62,62.2,Poor
1585,16.3,79.5,59.9,Average
1586,16.7,72.8,51.8,Poor
1587,11.8,79.9,52.1,Average
1588,9.1,83.5,49.4,Average
1589,20.8,80.5,70,Average
1590,9,99.5,56,Good
1591,15.5,88.3,66.4,Average
1592,11.7,88,60.5,Average
1593,18.4,91.2,75.8,Good
1594,17.3,73.6,51.6,Poor
1595,22.3,95.4,75.2,Good
1596,11.4,84.2,62.1,Average
1597,13.1,91.7,54.9,Good
1598,8.1,74.3,55.9,Poor
1599,11.9,69.5,54.7,Poor
1600,17.6,93.2,63,Good
1601,20.3,88.8,61.3,Average
1602,8.5,76,48.1,Average
1603,21.1,76.3,73.3,Average
1604,24.5,96.3,71.1,Good
1605,17.9,73.1,63.3,Poor
1606,28.1,100,71.4,Good
1607,9.6,76,48.7,Average
1608,6.3,91.4,58.9,Good
1609,2.5,81.7,41,Average
1610,25.5,91,68.6,Good
1611,19.6,79.6,62.7,Average
1612,14.6,83.4,59.5,Average
1613,17,85.4,60.7,Average
1614,7.1,75,52.1,Average
1615,32.1,92.4,80.5,Good
1616,15.9,79.9,63,Average
1617,15.8,82.7,54.9,Average
1618,20.1,75.1,60.4,Average
1619,18.4,60,62.5,Poor
1620,16.6,83.1,65.2,Average
1621,9.5,100,51.7,Good
1622,18.3,92.8,66.4,Good
1623,28.2,84.8,61.7,Average
1624,24.4,82.4,67.8,Average
1625,26.2,85.2,79.3,Average
1626,11.4,90.5,53.2,Good
1627,8.1,73.2,46.4,Poor
1628,14.1,96.1,65.6,Good
1629,15.4,92.2,54.2,Good
1630,22.7,92.2,65.3,Good
1631,3.2,89.4,53.2,Average
1632,25.7,85.2,66.3,Average
1633,13.9,91.7,59.3,Good
1634,12,90.9,62.3,Good
1635,7.9,81.5,54.6,Average
1636,3.4,79.3,49.2,Average
1637,20.8,86,63.5,Average
1638,15.5,100,65.8,Good
1639,6,72.6,47.9,Poor
1640,5.9,70.3,50.2,Poor
1641,12.6,86.6,55.6,Average
1642,26.7,85.5,69.5,Average
1643,13.2,86.7,53.6,Average
1644,4.5,87.4,50.7,Average
1645,13.3,82.8,53.6,Average
1646,13.1,99.9,56.2,Good
1647,0,69,43.5,Poor
1648,14.6,76.7,58.4,Average
1649,13.4,84,62,Average
1650,19.9,68.6,57.9,Poor
1651,27.9,83.2,73,Average
1652,22.9,100,73.4,Good
1653,13.1,85.2,60.3,Average
1654,7.3,87.3,49.2,Average
1655,33,72.4,73.6,Poor
1656,15.4,78.8,60.4,Average
1657,15.1,81.2,58.9,Average
1658,14.8,81.8,48.4,Average
1659,16.4,97.8,65,Good
1660,14,90.6,71.3,Good
1661,11,73.9,51.6,Poor
1662,11.2,87.5,53.3,Average
1663,14.8,90,62.7,Average
1664,11.2,96.4,60.7,Good
1665,10,100,65,Good
1666,15.7,74.8,51.6,Poor
1667,13.2,76.9,59.8,Average
1668,25.5,72.4,69,Poor
1669,0,82.7,45,Average
1670,22.6,89.7,69.5,Average
1671,23.7,94.9,75.2,Good
1672,0.5,84.2,50.9,Average
1673,12.6,81.8,51.1,Average
1674,12.4,86.5,61.9,Average
1675,5.1,76.6,48.5,Average
1676,9.6,100,59,Good
1677,7.2,68.9,49.1,Poor
1678,27.3,86.8,70.5,Average
1679,21.5,100,75.4,Good
1680,23.9,85.1,67.4,Average
1681,20.1,83.1,58.2,Average
1682,7.1,81.4,49.8,Average
1683,11.3,83.2,56.9,Average
1684,18.4,98.7,72.4,Good
1685,6.4,62.9,49.5,Poor
1686,20,100,63.7,Good
1687,13.3,70.8,67.1,Poor
1688,12.4,82.3,58,Average
1689,20,80.7,69.5,Average
1690,18.1,90.9,63.3,Good
1691,12.5,69,56.1,Poor
1692,23.1,89.6,72.4,Average
1693,7.4,100,62.8,Good
1694,19.3,71.4,65.5,Poor
1695,19.2,86.9,68.3,Average
1696,12.8,78.4,54.6,Average
1697,17.3,89.3,60,Average
1698,6.2,85.2,53.6,Average
1699,21.5,78.6,68.6,Average
1700,13.7,89.9,58.7,Average
1701,11.3,100,65.5,Good
1702,22.3,83.1,73.1,Average
1703,10.1,92.2,52.5,Good
1704,5.1,72.1,43.5,Poor
1705,4.1,75.4,46.9,Average
1706,19.2,89.7,66.3,Average
1707,6,99.8,52.8,Good
1708,27.3,88.6,78.5,Average
1709,0.4,81.9,48,Average
1710,26.9,85,70.6,Average
1711,16.5,72.5,50.8,Poor
1712,14.3,91,54.1,Good
1713,11.2,93.8,59.9,Good
1714,17.8,80.5,50.5,Average
1715,14.7,80.3,63.4,Average
1716,22.7,87.7,66.6,Average
1717,15.8,80.6,75.6,Average
1718,16.1,84.3,72.1,Average
1719,12.5,100,60.3,Good
1720,14.6,82.5,58.2,Average
1721,17.2,81.4,65.8,Average
1722,3,78.5,55.9,Average
1723,5.6,92.4,44.9,Good
1724,20.2,83.2,55,Average
1725,16.2,78.5,56.1,Average
1726,13.7,98.2,64.8,Good
1727,15.1,99.2,65.9,Good
1728,17.4,79,65.8,Average
1729,11.2,66.3,45.7,Poor
1730,9.6,95.1,45.8,Good
1731,16.4,78.2,63.6,Average
1732,8.2,92.9,51.4,Good
1733,17.9,65.3,47.3,Poor
1734,3.1,93.9,52,Good
1735,22.2,72.9,67.2,Poor
1736,18.3,92.3,63.9,Good
1737,16.8,85.1,59.1,Average
1738,21.9,75.5,62.8,Average
1739,26.7,80.9,67.4,Average
1740,22.1,91.9,61.1,Good
1741,2.1,86.1,44.8,Average
1742,6,90.8,55.8,Good
1743,10.6,100,61.2,Good
1744,15.2,69.4,56.8,Poor
1745,18.6,100,61.8,Good
1746,9.9,86,54.5,Average
1747,16.3,76,47.8,Average
1748,9.7,71.7,52.6,Poor
1749,10.7,83.1,62.6,Average
1750,5.2,94.2,45.8,Good
1751,8.5,83.7,50.7,Average
1752,5.5,100,56.6,Good
1753,8.2,70.5,56.2,Poor
1754,22.4,84.9,64.1,Average
1755,8.4,72.5,47.2,Poor
1756,33.4,88.6,67.4,Average
1757,18.5,93.9,65.6,Good
1758,16.3,80.8,70.1,Average
1759,9,60,49.5,Poor
1760,19.9,87,64.5,Average
1761,11,89.4,58.8,Average
1762,15.9,89,61.5,Average
1763,32.9,97.4,74.9,Good
1764,14.3,74.3,60.6,Poor
1765,23,91.8,69.8,Good
1766,10.1,96.9,58.4,Good
1767,14.8,67.2,50.2,Poor
1768,27.4,88.2,78.2,Average
1769,10.6,80,57.9,Average
1770,27.7,84.2,68.2,Average
1771,20,88.5,70.1,Average
1772,11.1,80.1,52.5,Average
1773,19.4,78.2,58.1,Average
1774,21.8,85.3,62.2,Average
1775,19.4,74.1,52.1,Poor
1776,4,74.1,49.5,Poor
1777,9.9,91.8,47.7,Good
1778,13.3,73.5,49.2,Poor
1779,14.5,91.7,50.6,Good
1780,19.3,89.6,64.4,Average
1781,16.2,67.7,55.8,Poor
1782,5.7,78.2,48,Average
1783,17.7,96.9,59.9,Good
1784,19.3,75.2,55.3,Average
1785,18.9,80.4,64.4,Average
1786,22.6,89.6,65,Average
1787,20.8,92.8,68.5,Good
1788,18.2,82.5,57.6,Average
1789,14.5,79,58.7,Average
1790,3.4,99.2,59.4,Good
1791,18,100,69.1,Good
1792,16.5,94.8,61.4,Good
1793,16.9,85.9,63,Average
1794,6.1,76.9,48.5,Average
1795,7.4,76.7,50.9,Average
1796,22.4,90.2,66.1,Good
1797,14.7,89.2,59.7,Average
1798,19.8,99,68.6,Good
1799,15.2,91.5,56.6,Good
1800,15.2,70,51.1,Poor
1801,21.6,95.5,61.3,Good
1802,11.4,75,46,Average
1803,15.7,81.2,53.3,Average
1804,11.8,87.5,58.3,Average
1805,12,100,56.3,Good
1806,12.8,100,64.1,Good
1807,16.6,91.1,62.8,Good
1808,11.6,83.2,46.4,Average
1809,23.8,90.3,72.3,Good
1810,8.7,93.9,60.4,Good
1811,13.7,81.8,52.8,Average
1812,11.9,100,62.8,Good
1813,25.1,87.3,65.2,Average
1814,16.4,90,62.7,Average
1815,22.2,91.7,61.6,Good
1816,4.6,89.2,42.5,Average
1817,16.9,93.4,61.6,Good
1818,21.2,78.8,63.2,Average
1819,15.6,79.4,56.9,Average
1820,22.5,74,57.8,Poor
1821,11.4,89.4,55.6,Average
1822,24.9,92.8,71.9,Good
1823,31.1,89.6,75.2,Average
1824,12.5,100,62.1,Good
1825,11.9,84.9,53.6,Average
1826,25.2,91.7,76.4,Good
1827,26.1,74.1,61.1,Poor
1828,11.3,81.1,57.9,Average
1829,12.1,92,64.8,Good
1830,13,93.5,62.5,Good
1831,5.6,82.1,49.5,Average
1832,8.6,84.3,51.1,Average
1833,8,69.8,54.8,Poor
1834,9.6,81.4,46.9,Average
1835,14.8,93.9,56.9,Good
1836,16.6,90.8,60.7,Good
1837,25.9,90,77,Average
1838,8,85.5,55.5,Average
1839,21.9,85.1,61.1,Average
1840,13.5,78.4,55.2,Average
1841,14.7,92,58.1,Good
1842,19.7,89.2,61.5,Average
1843,7.1,89.9,58.8,Average
1844,17.7,79.7,54,Average
1845,16.2,63.5,63.5,Poor
1846,18.4,96,69.7,Good
1847,17,80.2,65.8,Average
1848,32.2,76.4,70.7,Average
1849,10.5,91.9,56.7,Good
1850,11.3,81.1,48.3,Average
1851,10.6,95.6,55.9,Good
1852,11.1,91.2,60.3,Good
1853,10.5,91.8,63.9,Good
1854,23.3,71.3,58.3,Poor
1855,24.9,97.1,69.9,Good
1856,11,87.6,56.1,Average
1857,9.2,81.3,46.6,Average
1858,18.3,86.4,66,Average
1859,11.1,67.2,48.2,Poor
1860,19.4,89.1,63.8,Average
1861,16.4,74.7,56.2,Poor
1862,4.4,71.5,42.9,Poor
1863,25.8,69.8,65.7,Poor
1864,27.6,96.1,72.8,Good
1865,10.7,78.7,52.5,Average
1866,12.3,100,57.4,Good
1867,17,79.6,61.8,Average
1868,17.3,67.9,65.9,Poor
1869,19.6,73.8,61.8,Poor
1870,29.1,97.4,80.5,Good
1871,13.8,83.4,51.3,Average
1872,9.4,79.5,54.1,Average
1873,5.3,86.6,46,Average
1874,9.9,90,49,Average
1875,14.8,96.2,58.6,Good
1876,27.6,99.5,80.6,Good
1877,11.4,81.4,60.3,Average
1878,16.6,71.7,59.1,Poor
1879,14.9,80.9,50.9,Average
1880,23.3,87.6,66.9,Average
1881,32.7,75.4,74.8,Average
1882,11.3,75.4,54.9,Average
1883,11.6,88.4,48.3,Average
1884,22.3,84.5,61.8,Average
1885,19.8,85.3,63.8,Average
1886,27.9,77.4,72.2,Average
1887,19.1,82.7,51.9,Average
1888,12.5,75.8,54.4,Average
1889,19.1,93.9,66.4,Good
1890,22.8,95.4,73.6,Good
1891,20.7,66.5,63.8,Poor
1892,18.6,75.7,63.5,Average
1893,22.5,70,58.7,Poor
1894,23.2,78.5,56,Average
1895,24.7,84.2,66.3,Average
1896,19.5,70.5,65.2,Poor
1897,13.8,75.8,63.4,Average
1898,16,75,61.7,Average
1899,23.4,87.1,70,Average
1900,9.3,85.7,56.7,Average
1901,17.6,77.8,57.5,Average
1902,12.2,86.8,57.1,Average
1903,15.2,79.5,66.9,Average
1904,23.9,82.3,62.4,Average
1905,16.3,100,72.8,Good
1906,15.3,98.4,61.8,Good
1907,5.5,72,54.6,Poor
1908,20.2,93.3,59.5,Good
1909,19.5,93.1,68.8,Good
1910,30.1,73.5,66.8,Poor
1911,12.8,93.2,52.8,Good
1912,16.5,100,66,Good
1913,16.7,73.8,63.6,Poor
1914,26,75.8,63.2,Average
1915,14.3,95.2,54.2,Good
1916,17,87.7,61.7,Average
1917,19.3,90.5,64.5,Good
1918,16.3,88.4,64.5,Average
1919,11.9,88.9,62.7,Average
1920,16.4,71.7,57.4,Poor
1921,22.5,95.5,78.4,Good
1922,7.8,96.7,57.3,Good
1923,15.9,82.7,58.3,Average
1924,10.1,84.6,47.2,Average
1925,23.4,69.7,62.1,Poor
1926,4.3,90.1,49.8,Good
1927,11.1,90.7,62.5,Good
1928,17.6,84.4,64.3,Average
1929,26,96.2,66.5,Good
1930,14.5,81.7,59.4,Average
1931,11.1,90.6,61,Good
1932,28.2,74.8,76.7,Poor
1933,4.9,84.8,55,Average
1934,0,83.3,49.6,Average
1935,18.1,87.3,63.4,Average
1936,11.5,81.3,57.6,Average
1937,7.9,83.7,59.2,Average
1938,20,93.3,59.6,Good
1939,16.7,80.6,58.4,Average
1940,11.1,68.9,48.3,Poor
1941,6,100,57.3,Good
1942,21.1,98.8,74.9,Good
1943,19.6,72.1,57.6,Poor
1944,14.3,91.9,48.9,Good
1945,27.9,80,68.1,Average
1946,7.5,87.6,58.2,Average
1947,4.3,87.9,53.6,Average
1948,10.2,82.7,56.9,Average
1949,14.7,77.2,56.1,Average
1950,16.7,78.1,53.2,Average
1951,13.3,75.8,58.5,Average
1952,17.5,76.7,55.7,Average
1953,6.2,84.3,62.6,Average
1954,25.1,77.8,69.9,Average
1955,14.4,91.8,58,Good
1956,22.8,99.9,67.5,Good
1957,17.4,79.2,60,Average
1958,18.2,87.4,62,Average
1959,19,90,70.2,Average
1960,18.1,89.7,64.7,Average
1961,19.5,85.8,60.3,Average
1962,24.3,92.4,79.4,Good
1963,16.4,89.8,62.4,Average
1964,20,72.6,65,Poor
1965,14.4,93.7,58.3,Good
1966,25.1,93.9,72.9,Good
1967,10.3,77.4,55.1,Average
1968,27.6,85.4,61.7,Average
1969,14.7,91.8,71.3,Good
1970,5,82.9,56.7,Average
1971,15.9,95.7,61.3,Good
1972,10.2,100,53.7,Good
1973,20.9,77.1,64.8,Average
1974,10.4,71.2,52.6,Poor
1975,11.9,88,59.5,Average
1976,1.8,92.2,50.6,Good
1977,11.8,82.7,58.9,Average
1978,0,99.5,57.1,Good
1979,3.9,71.6,49.3,Poor
1980,20.3,91.9,61,Good
1981,20.5,78.9,70,Average
1982,18,100,74.4,Good
1983,8.2,100,73.2,Good
1984,14.7,77.3,51.9,Average
1985,15,79.5,59.6,Average
1986,6.9,93.6,44.2,Good
1987,25.5,81.1,71,Average
1988,21.1,84.5,62.4,Average
1989,13.5,85.3,68,Average
1990,15.2,65.8,51.2,Poor
1991,16.5,84.9,52.6,Average
1992,0.7,78.1,42.8,Average
1993,13.3,80.1,47.1,Average
1994,10.2,99.4,62.8,Good
1995,8,72.4,40,Poor
1996,13,93.1,60.2,Good
1997,27.6,82.2,60,Average
1998,19.5,82.2,61.5,Average
1999,11,92.9,66.3,Good
2000,19,88.4,66,Average
2001,24.8,90.7,65.7,Good
2002,21.5,94.7,67.8,Good
2003,15.4,81.7,59.4,Average
2004,10.5,78.9,56.5,Average
2005,19.9,74.1,54.6,Poor
2006,17.8,76.7,63.1,Average
2007,21.3,100,55.6,Good
2008,19.4,97.4,63.7,Good
2009,22.3,71.5,60.5,Poor
2010,11.3,71.8,56.2,Poor
2011,24.2,89.8,69.4,Average
2012,16.4,90.5,55.3,Good
2013,29.5,90.5,69.3,Good
2014,10.2,82.5,55.8,Average
2015,27.2,83.7,70,Average
2016,16.4,88.3,58.9,Average
2017,10.4,85.9,53.5,Average
2018,11.6,62.8,54.6,Poor
2019,12.8,82.7,54.6,Average
2020,18,76.5,59.9,Average
2021,18.7,86.8,74.3,Average
2022,11,100,52.8,Good
2023,14.8,88.7,51.3,Average
2024,30,81.9,76.4,Average
2025,27.1,94.2,69.5,Good
2026,18.1,89.8,62.1,Average
2027,15.3,89.2,57.1,Average
2028,15.8,91.1,60.7,Good
2029,19.3,100,75.4,Good
2030,7.8,73.7,54.5,Poor
2031,13.2,89.7,63.6,Average
2032,3.3,75.7,39.8,Average
2033,17.8,90.6,57.9,Good
2034,19.5,75.8,47.3,Average
2035,11.6,80.8,51.6,Average
2036,26,82,73.7,Average
2037,6.4,94.8,57.1,Good
2038,4.7,94.2,51.7,Good
2039,16.6,72.5,57.9,Poor
2040,22.3,85.5,63,Average
2041,26.8,77.9,69.6,Average
2042,11.8,72.4,57.5,Poor
2043,22.6,82.8,57.9,Average
2044,14.7,81.9,60.2,Average
2045,13.8,100,67.1,Good
2046,21.2,89.3,64.3,Average
2047,19.6,71.2,63.9,Poor
2048,4,79.4,62.5,Average
2049,25.3,95.2,71.1,Good
2050,24.7,100,74.2,Good
2051,10.6,69.1,48.2,Poor
2052,17.8,66.2,58.5,Poor
2053,18.5,100,68.9,Good
2054,16.8,88.9,63.3,Average
2055,11.1,76.3,49,Average
2056,10.3,90.3,57.9,Good
2057,14.8,60,60.6,Poor
2058,23.2,85,69.4,Average
2059,18.8,88.3,68.8,Average
2060,12.4,94.2,58.5,Good
2061,20.4,74.9,65.8,Poor
2062,0,85.9,47.9,Average
2063,23,75.7,59.9,Average
2064,2.8,87.6,51,Average
2065,12.5,76,50.3,Average
2066,7.2,80.9,48.5,Average
2067,5.9,75,50.1,Average
2068,23.1,91.5,70.2,Good
2069,11.7,93.6,53,Good
2070,17.4,82.7,66.6,Average
2071,14.7,85.4,62.4,Average
2072,18.3,70.5,55.6,Poor
2073,15.5,82,51.8,Average
2074,6,84.5,50.8,Average
2075,22,100,67.5,Good
2076,11.5,73.9,54.4,Poor
2077,4.1,99.6,51.8,Good
2078,12,95,49.5,Good
2079,25.5,87.8,68,Average
2080,21,100,67.3,Good
2081,12.6,88.7,61.7,Average
2082,12.6,88.9,55,Average
2083,12.7,84.5,66,Average
2084,29.5,97.2,66.3,Good
2085,17.7,96,71.5,Good
2086,18,78.7,59.8,Average
2087,22.2,71.8,67.2,Poor
2088,16.7,83,61.1,Average
2089,13.2,77,61.8,Average
2090,13.6,84.4,56.4,Average
2091,14.5,97.4,56.9,Good
2092,14.7,80.4,65.5,Average
2093,20.1,84.6,63.7,Average
2094,15.4,85.6,61.3,Average
2095,20.1,93.5,72.7,Good
2096,14.4,62.5,48.5,Poor
2097,15.6,78.9,61.7,Average
2098,1,87.1,44.7,Average
2099,21.4,97,67.9,Good
2100,17.4,80.1,61.1,Average
2101,22,66.2,53.8,Poor
2102,0,91.2,43.9,Good
2103,29.6,78.6,78.1,Average
2104,14,73.1,60.3,Poor
2105,22.8,78.8,64.9,Average
2106,7.7,83.2,54,Average
2107,19.3,79,60.6,Average
2108,7.6,62.9,54.4,Poor
2109,10.6,94,57.1,Good
2110,28.4,97.7,76.2,Good
2111,13.7,91.5,65.9,Good
2112,16.5,73.6,54.4,Poor
2113,21.1,83,72.5,Average
2114,18.5,84.9,55.2,Average
2115,16.1,91,70.3,Good
2116,17.6,91.7,61.9,Good
2117,31.8,77.7,71.8,Average
2118,14.6,85.8,50.1,Average
2119,16.4,89.6,59.9,Average
2120,22.4,99.6,64.8,Good
2121,22.7,92,65.4,Good
2122,23.3,92.9,68.5,Good
2123,19.5,85.8,68.8,Average
2124,7,99.1,57.1,Good
2125,26.4,89.1,72.6,Average
2126,7,76.4,44.9,Average
2127,17.1,99,60.8,Good
2128,9.7,92,65.7,Good
2129,14.6,80.6,54.6,Average
2130,17.3,80.2,68.9,Average
2131,17.2,88,61.3,Average
2132,18,89.6,63.6,Average
2133,26.3,87,75.8,Average
2134,18.2,88.1,69.7,Average
2135,13.3,100,61.4,Good
2136,21.7,95.7,66.6,Good
2137,23.3,86.9,67.4,Average
2138,6.4,94.4,56.1,Good
2139,19.2,74.7,65.4,Poor
2140,19.9,89,65.2,Average
2141,12.9,100,64.7,Good
2142,24.6,82.8,76.1,Average
2143,13.9,76.5,58.6,Average
2144,15.9,78.5,60.5,Average
2145,13.8,74.1,48.3,Poor
2146,15.1,77.2,44.7,Average
2147,7.3,81.3,53.9,Average
2148,4.9,70.9,46.7,Poor
2149,26.2,85.2,67.3,Average
2150,9.1,94,57.9,Good
2151,8.1,75.9,50.9,Average
2152,0,100,55.6,Good
2153,10.5,90.1,57.4,Good
2154,5.7,95.3,50.3,Good
2155,26.5,78.4,73.4,Average
2156,22.1,93.5,67.2,Good
2157,10.2,74.1,55.3,Poor
2158,30.8,93.9,73.8,Good
2159,21.9,86.7,63.1,Average
2160,12.7,90.5,59.5,Good
2161,0,73.2,43.4,Poor
2162,31,76,74.3,Average
2163,5.3,91,51.1,Good
2164,3.5,75.5,37.8,Average
2165,22.2,89.6,65.2,Average
2166,32.1,71.3,75.7,Poor
2167,24.7,93.5,69.1,Good
2168,18.9,72.7,59,Poor
2169,19.2,90.5,69.8,Good
2170,21,91.3,63.1,Good
2171,20.3,78,55.1,Average
2172,17,90.8,62.2,Good
2173,15.7,87.6,58.6,Average
2174,14.6,79.6,53.2,Average
2175,9.7,74.9,51.6,Poor
2176,13,65.4,55.5,Poor
2177,3.1,88.5,49.9,Average
2178,14.3,69.4,56.8,Poor
2179,8.1,86,62.8,Average
2180,7.3,82.4,50.4,Average
2181,16.3,91.8,64,Good
2182,24.7,82,65.2,Average
2183,21.4,81.7,60.5,Average
2184,4,92.3,48.8,Good
2185,8.1,88.4,52,Average
2186,21.6,88.2,68.3,Average
2187,8.1,89.7,66.5,Average
2188,13.4,69.6,50.9,Poor
2189,18.9,92.6,63,Good
2190,8.2,91.1,54.9,Good
2191,15.7,74.8,59.9,Poor
2192,5.7,82.6,52.1,Average
2193,10.8,84.6,62.3,Average
2194,17.2,83.7,49.3,Average
2195,3.8,88.3,38.6,Average
2196,18.1,99.3,63.6,Good
2197,14.9,95.8,67.8,Good
2198,18.9,71.9,52.1,Poor
2199,16.6,91.2,47.7,Good
2200,24.5,98.3,74.5,Good
2201,15.9,88.9,62.7,Average
2202,12,95.9,54.3,Good
2203,15.9,100,59.3,Good
2204,18.8,95.2,60.9,Good
2205,15.3,87.5,61.2,Average
2206,15.3,95.5,59.5,Good
2207,10.1,86.4,58.2,Average
2208,10.4,85.2,41.4,Average
2209,5.2,81.5,45.8,Average
2210,27.2,100,68.9,Good
2211,6.3,76.8,48.6,Average
2212,10.1,100,56.4,Good
2213,10,90,60.5,Average
2214,21.3,71,52.6,Poor
2215,12.9,88.7,59,Average
2216,23.7,64,65.2,Poor
2217,10.3,91.3,66.4,Good
2218,17,93.9,61.3,Good
2219,9.2,79.1,54.6,Average
2220,30,86.2,64.6,Average
2221,6.7,100,44.1,Good
2222,17.2,79.9,64.7,Average
2223,19.4,74.4,61.1,Poor
2224,17.9,99.8,72,Good
2225,13.7,100,55.5,Good
2226,14.1,85,61.5,Average
2227,15.3,95.1,71.9,Good
2228,14,98.4,64.3,Good
2229,21.7,77.6,65.3,Average
2230,30.5,80.1,72.5,Average
2231,11.1,97.3,51.5,Good
2232,5.4,100,61.6,Good
2233,14.4,90.6,57.5,Good
2234,33.1,76.2,76.3,Average
2235,9.4,100,50.6,Good
2236,26.5,79.7,62.9,Average
2237,26.7,81.6,76.7,Average
2238,11.1,88.4,55.4,Average
2239,19,100,74.4,Good
2240,26.4,93.5,71.8,Good
2241,12.3,89.1,49.2,Average
2242,13.6,89.6,64.1,Average
2243,10.9,85.4,53.2,Average
2244,7.9,90.6,58.2,Good
2245,10.5,60,49.5,Poor
2246,6.4,82,43.6,Average
2247,15.2,87.4,61.4,Average
2248,9.6,73.5,63,Poor
2249,16.6,88.9,64.7,Average
2250,4.1,83,49.1,Average
2251,17.3,100,71,Good
2252,20.8,100,69.8,Good
2253,1,80.3,47.1,Average
2254,17.6,83.5,56.3,Average
2255,23.6,84.3,68.5,Average
2256,6.5,80.5,56.2,Average
2257,26.7,87,66.6,Average
2258,17.9,77.4,67.6,Average
2259,10.1,73.7,52,Poor
2260,14.6,91.2,56.5,Good
2261,18.9,91.3,69.8,Good
2262,15.5,77,56.8,Average
2263,18.8,94,69.2,Good
2264,8.6,78.7,50.9,Average
2265,16.2,87.5,61.2,Average
2266,5.1,93.2,55.4,Good
2267,14.2,84.7,60.4,Average
2268,8.7,89.5,45.2,Average
2269,9.9,79.8,48.2,Average
2270,23.7,83,71.7,Average
2271,22.6,82.9,65.4,Average
2272,19.3,77.5,59.1,Average
2273,7.4,83.2,45.6,Average
2274,12.8,69.5,48.5,Poor
2275,23.5,80.1,56.1,Average
2276,16,82.2,59.4,Average
2277,31.2,82.4,70.7,Average
2278,17.8,82.6,56.8,Average
2279,16.3,84.4,60.5,Average
2280,12.8,89.8,60.8,Average
2281,15.9,93.7,73.2,Good
2282,13.9,78.5,49.6,Average
2283,20,73,67,Poor
2284,21.7,74.6,68,Poor
2285,9.5,80.1,49.7,Average
2286,5.7,81.5,51.5,Average
2287,2.1,77.3,44,Average
2288,18.6,72,60.6,Poor
2289,7.3,80.4,59.2,Average
2290,0,86.8,49.7,Average
2291,17.7,91,66.2,Good
2292,32.5,79.4,71.9,Average
2293,15,80.9,51.3,Average
2294,20.9,75.7,61.7,Average
2295,15.6,84.7,66.2,Average
2296,14.3,76.5,49.4,Average
2297,21.4,90.7,61.7,Good
2298,13,67.1,54.1,Poor
2299,16.9,81.4,55.6,Average
2300,17.3,88,58.6,Average
2301,10.3,86.8,53.9,Average
2302,21.9,100,62.9,Good
2303,13.8,88.5,54.7,Average
2304,9.7,75,56,Average
2305,18.8,84,56.4,Average
2306,8.7,67.2,41.7,Poor
2307,15.2,84.2,56.6,Average
2308,14.9,76.7,61.3,Average
2309,22.6,94.2,67.9,Good
2310,18.3,79.5,59,Average
2311,14.8,83.8,59.5,Average
2312,20.7,78.6,54.6,Average
2313,24.7,100,74.7,Good
2314,18.9,81.8,64.4,Average
2315,15.1,100,61.5,Good
2316,5.8,93.1,58.6,Good
2317,7.5,89.8,48.6,Average
2318,12.9,88.7,64.4,Average
2319,10.7,88.9,57.7,Average
2320,13.7,65.7,52.1,Poor
2321,15.4,82.2,59.3,Average
2322,18.7,93.5,64.7,Good
2323,14.5,84.5,65.3,Average
2324,18.4,70.9,53.9,Poor
2325,15.5,84.5,56.2,Average
2326,1.2,100,56.2,Good
2327,8.4,97.5,54,Good
2328,14,84.4,63.2,Average
2329,6.5,94.5,63,Good
2330,19.2,81.3,60.6,Average
2331,25.7,68,68.5,Poor
2332,23.5,75.8,59.3,Average
2333,13.5,100,65.9,Good
2334,25.4,82.3,69.5,Average
2335,16,82.6,62.4,Average
2336,12.6,82,53.6,Average
2337,10.7,100,51.3,Good
2338,12.9,100,64.1,Good
2339,12.3,100,50.7,Good
2340,16.2,83.4,58.8,Average
2341,16.1,88,66.2,Average
2342,15,69.8,56.9,Poor
2343,18.1,99.8,75.9,Good
2344,23.3,73.3,69.5,Poor
2345,21.6,87.2,63,Average
2346,4.6,74,47.8,Poor
2347,0,79.1,44.5,Average
2348,21.5,76.6,55.6,Average
2349,5.4,78.9,44.9,Average
2350,13.4,79.6,54.2,Average
2351,6.8,79.5,40.8,Average
2352,2.4,93.3,50.7,Good
2353,18.8,74,59.2,Poor
2354,20.3,87.2,56.7,Average
2355,11,97.2,61.2,Good
2356,0,79.9,48.5,Average
2357,11.2,77.8,55.6,Average
2358,17.7,82.7,60,Average
2359,4.6,96.8,56.3,Good
2360,16.3,86.9,64.8,Average
2361,14.9,79.7,59.9,Average
2362,19.1,89.8,60.5,Average
2363,15.8,74,59.1,Poor
2364,8.2,91.8,61.3,Good
2365,23.4,89.1,65.3,Average
2366,13.9,81.9,68.5,Average
2367,14.8,76.6,54.9,Average
2368,8.5,76.1,51.8,Average
2369,11.9,90.3,54.9,Good
2370,8.8,97.3,58.4,Good
2371,13.8,78.6,48.4,Average
2372,27,89.6,68.9,Average
2373,5.4,64.1,40.4,Poor
2374,3.7,79.2,48.8,Average
2375,25.3,84.7,73.9,Average
2376,13.5,75.9,59.4,Average
2377,10.3,75.6,41.3,Average
2378,22.3,78.3,74.8,Average
2379,10.8,87.9,58.1,Average
2380,27.8,83.1,66.9,Average
2381,19.7,62.6,59.2,Poor
2382,11.6,63.8,52.3,Poor
2383,30.1,78.9,68.5,Average
2384,10.8,89.6,58.1,Average
2385,20.2,60,55.1,Poor
2386,17.1,80,58.4,Average
2387,24.1,79.7,63.2,Average
2388,25.9,98.9,65.9,Good
2389,15.2,81.1,59.7,Average
2390,9.7,88.8,58.9,Average
2391,18.2,86.4,65.6,Average
2392,10.3,63.7,54.3,Poor
2393,29.1,92.7,76,Good
2394,16,87.2,58.5,Average
2395,12.4,90.1,62.9,Good
2396,16.3,100,57.9,Good
2397,5.6,64.2,41.5,Poor
2398,8.2,100,52.6,Good
2399,23.4,82.1,72,Average
2400,10.4,87.9,61,Average
2401,7.7,84.5,55.5,Average
2402,18.8,80.8,67.4,Average
2403,23.3,79.3,61.4,Average
2404,20,88.3,66.8,Average
2405,22,69.8,61.6,Poor
2406,9.7,92.5,61.1,Good
2407,5,80.8,49.2,Average
2408,25.5,73.7,64.5,Poor
2409,12.7,80.5,59.3,Average
2410,13.2,97.6,65.7,Good
2411,24.3,79.6,63.4,Average
2412,18.9,88.6,63.8,Average
2413,18.2,77.7,55.5,Average
2414,30.2,92.6,62.8,Good
2415,10.5,91.9,58.4,Good
2416,21.5,100,72.4,Good
2417,15.4,83.2,61,Average
2418,16.9,91.7,53.4,Good
2419,25.7,86,67.9,Average
2420,18.6,98,55.1,Good
2421,18.8,77.8,68.2,Average
2422,22.5,92.5,62.9,Good
2423,12.4,83.1,63.2,Average
2424,9.1,84.4,59,Average
2425,7.7,85.9,48.9,Average
2426,1.2,87.5,42.3,Average
2427,29.4,83.8,74.2,Average
2428,7.3,87.1,49.1,Average
2429,13.5,100,62.6,Good
2430,13.1,94.9,58.1,Good
2431,17.2,93.7,55,Good
2432,20.7,80.4,52.6,Average
2433,21,76.1,64.1,Average
2434,10.9,94.6,55.7,Good
2435,13.8,93.8,58.1,Good
2436,17,99.7,68.7,Good
2437,13.3,79,62.5,Average
2438,26.3,82.7,67.9,Average
2439,18.4,68.6,57,Poor
2440,20.1,81.1,65.9,Average
2441,19.6,95,59.6,Good
2442,23.2,80.3,67.1,Average
2443,16.3,91.4,65.3,Good
2444,5.9,83.1,54.5,Average
2445,17.8,88.2,53.4,Average
2446,10.4,73.5,49,Poor
2447,11.3,85.9,52.2,Average
2448,19.1,60,57.7,Poor
2449,23.7,83.1,69.5,Average
2450,15.1,68.7,63.3,Poor
2451,17.2,97.1,62.2,Good
2452,26.9,92.8,69.9,Good
2453,16.7,89.7,68.2,Average
2454,33.2,100,81.4,Good
2455,19,75.5,67.3,Average
2456,2.7,100,53.9,Good
2457,20.3,94.3,61,Good
2458,17.7,82.6,54.9,Average
2459,24,96.4,63,Good
2460,19.7,73.9,64.5,Poor
2461,14,76.8,62.8,Average
2462,6.4,78.9,59.8,Average
2463,13.5,79.7,61.3,Average
2464,9,74.4,57.6,Poor
2465,10.9,97.2,56.3,Good
2466,19.1,82.4,57,Average
2467,26.7,88.5,75.4,Average
2468,17.8,79.3,62.9,Average
2469,6.6,66.8,48.2,Poor
2470,18.1,87.7,65.2,Average
2471,23.4,65.9,64.1,Poor
2472,10.7,84.3,62.2,Average
2473,14.1,71.3,62,Poor
2474,15.1,100,66.3,Good
2475,9.5,94.1,61.3,Good
2476,19.5,86.1,66.7,Average
2477,14.2,97.6,59.8,Good
2478,17.9,76.5,64.1,Average
2479,8.8,90.4,48.5,Good
2480,11.9,87,62.8,Average
2481,20.1,87.6,59,Average
2482,12.4,97.7,62,Good
2483,27.1,92.3,68.2,Good
2484,12.2,87.9,60.7,Average
2485,16.6,68.5,56.9,Poor
2486,21.5,75.4,55.3,Average
2487,5.1,83.8,52.6,Average
2488,2.7,85.9,46,Average
2489,4.3,73.7,51.7,Poor
2490,23.8,100,71.5,Good
2491,11.1,100,62,Good
2492,32.9,91,72.6,Good
2493,11.1,85.7,53.4,Average
2494,16.3,82.9,58.1,Average
2495,25.8,75.5,71.4,Average
2496,29,85.8,81,Average
2497,29.4,87.6,69.4,Average
2498,23.5,72.6,69.6,Poor
2499,22.2,88.3,56.2,Average
2500,19.1,83.4,57.1,Average
